Study,year,Title,Marker,Sample.type,Sensitivity,Specificity,Size,Prevalence,is.prevalence05,Case,Control,Stage,GS,is.ed,is.icu,is.pureed,is.pureicu,is.serum,is.wb,is.plasma,is.sirs.vs.sepsis,is.on.admission,is.medical,is.surgical,is.trauma,is.burn,is.sirs,is.shock,is.sepsis3,cutoff,cutoff.unit,Threshold,Sample.collecting,is.af,is.as,is.eu,is.am,Zone,Country,Department,Mean.age,Measurement,is.pediatric,is.bacteremia,cannot.include,is.sepsis3.group,sponsorship,is.sponsorship,Case control design or not,is.case.control,Patient selection (inappropriate exclusion),is.ps.norisk,Index test (prespecified cutoff),is.it.norisk,Reference standard (sepsis criteria),is.rs.norisk,Flow and Timing (did not report the sample timing),is.ft.norisk,Match the review question (include non-SIRS patients),is.ps.app,Index test differ from reiew question,is.it.app,Reference standard does not match the review question,is.rs.app
"J. Chen, Z. B. Huang, H. Li, X. Zheng, J. J. Chen, X. B. Wang, Z. P. Qian, X. X. Liu, X. G. Fan, X. W. Hu, C. J. Liao, L. Y. Long and Y. Huang",2021,Early Diagnostic Biomarkers of Sepsis for Patients with Acute-on-Chronic Liver Failure: A Multicenter Study,presepsin,,0.968,0.592,143,0.657342657,1,94,49,Sepsis 3.0,,,,,,,,,,,,,,,,,,,, 404.5 pg/ml ,,,,,,,,,,,,,,,,,,,,,,,,,,,,,,,,
"J. Chen, Z. B. Huang, H. Li, X. Zheng, J. J. Chen, X. B. Wang, Z. P. Qian, X. X. Liu, X. G. Fan, X. W. Hu, C. J. Liao, L. Y. Long and Y. Huang",2021,Early Diagnostic Biomarkers of Sepsis for Patients with Acute-on-Chronic Liver Failure: A Multicenter Study,PCT,,0.553,0.816,143,0.657342657,1,94,49,Sepsis 3.0,,,,,,,,,,,,,,,,,,,,0.765 ng/mL,,,,,,,,,,,,,,,,,,,,,,,,,,,,,,,,
"J. Chen, Z. B. Huang, H. Li, X. Zheng, J. J. Chen, X. B. Wang, Z. P. Qian, X. X. Liu, X. G. Fan, X. W. Hu, C. J. Liao, L. Y. Long and Y. Huang",2021,Early Diagnostic Biomarkers of Sepsis for Patients with Acute-on-Chronic Liver Failure: A Multicenter Study,CRP,,0.685,0.577,143,0.657342657,1,94,49,Sepsis 3.0,,,,,,,,,,,,,,,,,,,,13.5 mg/mL,,,,,,,,,,,,,,,,,,,,,,,,,,,,,,,,
"J. Chen, Z. B. Huang, H. Li, X. Zheng, J. J. Chen, X. B. Wang, Z. P. Qian, X. X. Liu, X. G. Fan, X. W. Hu, C. J. Liao, L. Y. Long and Y. Huang",2021,Early Diagnostic Biomarkers of Sepsis for Patients with Acute-on-Chronic Liver Failure: A Multicenter Study,sTREM-1,,0.628,0.816,143,0.657342657,1,94,49,Sepsis 3.0,,,,,,,,,,,,,,,,,,,,607.94 pg/mL,,,,,,,,,,,,,,,,,,,,,,,,,,,,,,,,
"J. Chen, Z. B. Huang, H. Li, X. Zheng, J. J. Chen, X. B. Wang, Z. P. Qian, X. X. Liu, X. G. Fan, X. W. Hu, C. J. Liao, L. Y. Long and Y. Huang",2021,Early Diagnostic Biomarkers of Sepsis for Patients with Acute-on-Chronic Liver Failure: A Multicenter Study,SOFA,,0.765,0.673,143,0.657342657,1,94,49,Sepsis 3.0,,,,,,,,,,,,,,,,,,,,5.5,,,,,,,,,,,,,,,,,,,,,,,,,,,,,,,,
"W. P. Yin, J. B. Li, X. F. Zheng, L. An, H. Shao and C. S. Li",2021,Effect of neutrophil CD64 for diagnosing sepsis in emergency department,CD64,,0.75,0.894,171,0.883040936,1,151,20,Sepsis 3.0,,,,,,,,,,,,,,,,,,,,8 MFI,,,,,,,,,,,,,,,,,,,,,,,,,,,,,,,,
"W. P. Yin, J. B. Li, X. F. Zheng, L. An, H. Shao and C. S. Li",2021,Effect of neutrophil CD64 for diagnosing sepsis in emergency department,PCT,,0.929,0.699,171,0.883040936,1,151,20,Sepsis 3.0,,,,,,,,,,,,,,,,,,,,4.85 ng/mL,,,,,,,,,,,,,,,,,,,,,,,,,,,,,,,,
"W. P. Yin, J. B. Li, X. F. Zheng, L. An, H. Shao and C. S. Li",2021,Effect of neutrophil CD64 for diagnosing sepsis in emergency department,CRP,,0.464,0.772,171,0.883040936,1,151,20,Sepsis 3.0,,,,,,,,,,,,,,,,,,,,14.69 mg/L,,,,,,,,,,,,,,,,,,,,,,,,,,,,,,,,
"W. P. Yin, J. B. Li, X. F. Zheng, L. An, H. Shao and C. S. Li",2021,Effect of neutrophil CD64 for diagnosing sepsis in emergency department,SOFA,,0.571,0.829,171,0.883040936,1,151,20,Sepsis 3.0,,,,,,,,,,,,,,,,,,,,5.5,,,,,,,,,,,,,,,,,,,,,,,,,,,,,,,,
"E. E. Abdelshafey, P. Nasa, A. E. Elgohary, M. F. Khalil, M. A. Rashwan, H. B. Ghezala and A. A. Tayar",2021,Role of presepsin for the diagnosis of sepsis and ICU mortality: A prospective controlled study,presepsin,,0.7308,0.9286,40,0.65,1,26,14,Sepsis 3.0,,,,,,,,,,,,,,,,,,,,640 pg/mL ,,,,,,,,,,,,,,,,,,,,,,,,,,,,,,,,
"E. E. Abdelshafey, P. Nasa, A. E. Elgohary, M. F. Khalil, M. A. Rashwan, H. B. Ghezala and A. A. Tayar",2021,Role of presepsin for the diagnosis of sepsis and ICU mortality: A prospective controlled study,SIRS,,0.6923,0.5714,40,0.65,1,26,14,Sepsis 3.0,,,,,,,,,,,,,,,,,,,,2,,,,,,,,,,,,,,,,,,,,,,,,,,,,,,,,
"A. F. Oduncu, G. S. K?yan and S. Yal??nl?",2021,"Comparison of qSOFA, SIRS, and NEWS scoring systems for diagnosis, mortality, and morbidity of sepsis in emergency department",qSOFA,,0.23,0.9943,463,0.61987041,1,287,176,Sepsis 3.0,,,,,,,,,,,,,,,,,,,,?2,,,,,,,,,,,,,,,,,,,,,,,,,,,,,,,,
"Polilli E, 2020",2020,Comparison of Monocyte Distribution Width (MDW) and Procalcitonin for early recognition of sepsis,PCT,,0.827,0.867,260,0.403846154,0,105,155,,,0,0,0,0,0,0,0,NA,,0,0,,,,,,1,,,,0,0,1,0,,,,,,,,,,,0,no,1,unclear,0,no,1,no,1,no,1,no,1,no,1,no,1
"S. Spoto, E. Nobile, E. P. R. Carn?, M. Fogolari, D. Caputo, L. De Florio, E. Valeriani, D. Benvenuto, S. Costantino, M. Ciccozzi and S. Angeletti",2020,Best diagnostic accuracy of sepsis combining SIRS criteria or qSOFA score with Procalcitonin and Mid-Regional pro-Adrenomedullin outside ICU,SIRS,,0.7512,0.8431,209,0.80861244,1,169,40,Sepsis 3.0,,,,,,,,,,,,,,,,,,,,2,,,,,,,,,,,,,,,,,,,,,,,,,,,,,,,,
"S. Spoto, E. Nobile, E. P. R. Carn?, M. Fogolari, D. Caputo, L. De Florio, E. Valeriani, D. Benvenuto, S. Costantino, M. Ciccozzi and S. Angeletti",2020,Best diagnostic accuracy of sepsis combining SIRS criteria or qSOFA score with Procalcitonin and Mid-Regional pro-Adrenomedullin outside ICU,SOFA,,0.6651,0.8235,209,0.80861244,1,169,40,Sepsis 3.0,,,,,,,,,,,,,,,,,,,,2,,,,,,,,,,,,,,,,,,,,,,,,,,,,,,,,
"S. Spoto, E. Nobile, E. P. R. Carn?, M. Fogolari, D. Caputo, L. De Florio, E. Valeriani, D. Benvenuto, S. Costantino, M. Ciccozzi and S. Angeletti",2020,Best diagnostic accuracy of sepsis combining SIRS criteria or qSOFA score with Procalcitonin and Mid-Regional pro-Adrenomedullin outside ICU,PCT,,0.6794,0.9804,209,0.80861244,1,169,40,Sepsis 3.0,,,,,,,,,,,,,,,,,,,,? 0.5 ng/mL,,,,,,,,,,,,,,,,,,,,,,,,,,,,,,,,
"J. S. Choi, B. R. Yoon, J. H. Shin, S. H. Lee, A. Y. Leem, M. S. Park, Y. S. Kim and K. S. Chung",2020,Clinical value of full-length tryptophanyl-tRNA synthetase for sepsis detection in critically ill patients - A retrospective clinical assessment,PCT,,0.842,0.51,241,0.788381743,1,190,51,Sepsis 3.0,,,,,,,,,,,,,,,,,,,,0.42 ng/mL,,,,,,,,,,,,,,,,,,,,,,,,,,,,,,,,
"J. S. Choi, B. R. Yoon, J. H. Shin, S. H. Lee, A. Y. Leem, M. S. Park, Y. S. Kim and K. S. Chung",2020,Clinical value of full-length tryptophanyl-tRNA synthetase for sepsis detection in critically ill patients - A retrospective clinical assessment,CRP,,0.474,0.745,241,0.788381743,1,190,51,Sepsis 3.0,,,,,,,,,,,,,,,,,,,,13.74 mg/L,,,,,,,,,,,,,,,,,,,,,,,,,,,,,,,,
"J. S. Choi, B. R. Yoon, J. H. Shin, S. H. Lee, A. Y. Leem, M. S. Park, Y. S. Kim and K. S. Chung",2020,Clinical value of full-length tryptophanyl-tRNA synthetase for sepsis detection in critically ill patients - A retrospective clinical assessment,IL-6,,0.563,0.686,241,0.788381743,1,190,51,Sepsis 3.0,,,,,,,,,,,,,,,,,,,,196.95 pg//mL,,,,,,,,,,,,,,,,,,,,,,,,,,,,,,,,
"J. S. Choi, B. R. Yoon, J. H. Shin, S. H. Lee, A. Y. Leem, M. S. Park, Y. S. Kim and K. S. Chung",2020,Clinical value of full-length tryptophanyl-tRNA synthetase for sepsis detection in critically ill patients - A retrospective clinical assessment,SOFA,,0.684,0.863,241,0.788381743,1,190,51,Sepsis 3.0,,,,,,,,,,,,,,,,,,,,8,,,,,,,,,,,,,,,,,,,,,,,,,,,,,,,,
"Y. D. Sui, W. N. Xin and L. L. Feng",2020,"Comparison of the clinical application values of pct, hs-crp and saa detection in the early diagnosis of sepsis",PCT,,0.7895,0.8824,36,0.472222222,0,17,19,Sepsis 3.0,,,,,,,,,,,,,,,,,,,,未提及,,,,,,,,,,,,,,,,,,,,,,,,,,,,,,,,
"Y. D. Sui, W. N. Xin and L. L. Feng",2020,"Comparison of the clinical application values of pct, hs-crp and saa detection in the early diagnosis of sepsis",CRP,,0.5217,0.6154,36,0.472222222,0,17,19,Sepsis 3.0,,,,,,,,,,,,,,,,,,,,未提及,,,,,,,,,,,,,,,,,,,,,,,,,,,,,,,,
"J. A. H. van Oers, E. de Jong, H. Kemperman, A. R. J. Girbes and D. W. de Lange",2020,Diagnostic Accuracy of Procalcitonin and C-reactive Protein Is Insufficient to Predict Proven Infection: A Retrospective Cohort Study in Critically Ill Patients Fulfilling the Sepsis-3 Criteria,PCT,,0.48,0.52,157,0.401273885,0,63,94,Sepsis 3.0,,,,,,,,,,,,,,,,,,,,"2 ng/,L",,,,,,,,,,,,,,,,,,,,,,,,,,,,,,,,
"J. A. H. van Oers, E. de Jong, H. Kemperman, A. R. J. Girbes and D. W. de Lange",2020,Diagnostic Accuracy of Procalcitonin and C-reactive Protein Is Insufficient to Predict Proven Infection: A Retrospective Cohort Study in Critically Ill Patients Fulfilling the Sepsis-3 Criteria,CRP,,0.51,0.54,157,0.401273885,0,63,94,Sepsis 3.0,,,,,,,,,,,,,,,,,,,,200 mg/L,,,,,,,,,,,,,,,,,,,,,,,,,,,,,,,,
"O. Ruangsomboon, P. Panjaikaew, A. Monsomboon, T. Chakorn, C. Permpikul and C. Limsuwat",2020,Diagnostic and prognostic utility of presepsin for sepsis in very elderly patients in the emergency department,presepsin,,0.835,0.622,250,0.556,1,139,111,Sepsis 3.0,,,,,,,,,,,,,,,,,,,,380 pg/mL,,,,,,,,,,,,,,,,,,,,,,,,,,,,,,,,
"O. Ruangsomboon, P. Panjaikaew, A. Monsomboon, T. Chakorn, C. Permpikul and C. Limsuwat",2020,Diagnostic and prognostic utility of presepsin for sepsis in very elderly patients in the emergency department,PCT,,0.705,0.685,250,0.556,1,139,111,Sepsis 3.0,,,,,,,,,,,,,,,,,,,,0.4 ng/mL,,,,,,,,,,,,,,,,,,,,,,,,,,,,,,,,
"O. Ruangsomboon, P. Panjaikaew, A. Monsomboon, T. Chakorn, C. Permpikul and C. Limsuwat",2020,Diagnostic and prognostic utility of presepsin for sepsis in very elderly patients in the emergency department,CRP,,0.784,0.667,250,0.556,1,139,111,Sepsis 3.0,,,,,,,,,,,,,,,,,,,,30 mg/L,,,,,,,,,,,,,,,,,,,,,,,,,,,,,,,,
"T. Katoch, A. Singh, V. Suri, S. Sethi, N. Sachdeva and S. Naseem",2020,Diagnostic performance of biomarkers in maternal sepsis: A prospective observational study,PCT,,0.8333,0.6667,30,0.6,1,18,12,Sepsis 3.0,,,,,,,,,,,,,,,,,,,,0.394 ng/mL,,,,,,,,,,,,,,,,,,,,,,,,,,,,,,,,
"T. Katoch, A. Singh, V. Suri, S. Sethi, N. Sachdeva and S. Naseem",2020,Diagnostic performance of biomarkers in maternal sepsis: A prospective observational study,CRP,,0.7778,0.75,30,0.6,1,18,12,Sepsis 3.0,,,,,,,,,,,,,,,,,,,,71.4mg/L,,,,,,,,,,,,,,,,,,,,,,,,,,,,,,,,
"Y. Li, K. Feng, W. Chen, J. Qiao and M. Zhao",2020,"High levels of CRP, PCT and HBP are collrelated with pneumonia secondary sepsis",PCT,,0.6425,0.8269,84,0.416666667,0,35,49,Sepsis 3.0,,,,,,,,,,,,,,,,,,,,missing,,,,,,,,,,,,,,,,,,,,,,,,,,,,,,,,
"Y. Li, K. Feng, W. Chen, J. Qiao and M. Zhao",2020,"High levels of CRP, PCT and HBP are collrelated with pneumonia secondary sepsis",CRP,,0.7574,0.6911,84,0.416666667,0,35,49,Sepsis 3.0,,,,,,,,,,,,,,,,,,,,missing,,,,,,,,,,,,,,,,,,,,,,,,,,,,,,,,
"(Ecoli) Y. Koizumi, D. Sakanashi, T. Ohno, A. Nakamura, A. Yamada, Y. Shibata, A. Shiota, H. Kato, M. Hagihara, N. Asai, M. Watarai, K. Murotani, Y. Yamagishi, H. Suematsu and H. Mikamo",2020,Plasma procalcitonin levels remain low at the onset of gram-positive bacteremia regardless of severity or the presence of shock: A retrospective analysis of patients with detailed clinical characteristics,PCT,,0.71,0.86,46,0.369565217,0,17,29,septic shock,,,,,,,,,,,,,,,,,,,,32.47 ng/mL,,,,,,,,,,,,,,,,,,,,,,,,,,,,,,,,
"(Ecoli) Y. Koizumi, D. Sakanashi, T. Ohno, A. Nakamura, A. Yamada, Y. Shibata, A. Shiota, H. Kato, M. Hagihara, N. Asai, M. Watarai, K. Murotani, Y. Yamagishi, H. Suematsu and H. Mikamo",2020,Plasma procalcitonin levels remain low at the onset of gram-positive bacteremia regardless of severity or the presence of shock: A retrospective analysis of patients with detailed clinical characteristics,CRP,,0.57,0.89,46,0.369565217,0,17,29,septic shock,,,,,,,,,,,,,,,,,,,,22.9 mg/dL,,,,,,,,,,,,,,,,,,,,,,,,,,,,,,,,
"(KP) Y. Koizumi, D. Sakanashi, T. Ohno, A. Nakamura, A. Yamada, Y. Shibata, A. Shiota, H. Kato, M. Hagihara, N. Asai, M. Watarai, K. Murotani, Y. Yamagishi, H. Suematsu and H. Mikamo",2020,Plasma procalcitonin levels remain low at the onset of gram-positive bacteremia regardless of severity or the presence of shock: A retrospective analysis of patients with detailed clinical characteristics,PCT,,0.27,1,50,0.52,1,26,24,septic shock,,,,,,,,,,,,,,,,,,,,97.1 ng/mL,,,,,,,,,,,,,,,,,,,,,,,,,,,,,,,,
"(KP) Y. Koizumi, D. Sakanashi, T. Ohno, A. Nakamura, A. Yamada, Y. Shibata, A. Shiota, H. Kato, M. Hagihara, N. Asai, M. Watarai, K. Murotani, Y. Yamagishi, H. Suematsu and H. Mikamo",2020,Plasma procalcitonin levels remain low at the onset of gram-positive bacteremia regardless of severity or the presence of shock: A retrospective analysis of patients with detailed clinical characteristics,CRP,,0.4,0.78,50,0.52,1,26,24,septic shock,,,,,,,,,,,,,,,,,,,,17.17 mg/dL,,,,,,,,,,,,,,,,,,,,,,,,,,,,,,,,
"(SA) Y. Koizumi, D. Sakanashi, T. Ohno, A. Nakamura, A. Yamada, Y. Shibata, A. Shiota, H. Kato, M. Hagihara, N. Asai, M. Watarai, K. Murotani, Y. Yamagishi, H. Suematsu and H. Mikamo",2020,Plasma procalcitonin levels remain low at the onset of gram-positive bacteremia regardless of severity or the presence of shock: A retrospective analysis of patients with detailed clinical characteristics,PCT,,0.73,0.61,45,0.311111111,0,14,31,septic shock,,,,,,,,,,,,,,,,,,,,1.83 ng/mL,,,,,,,,,,,,,,,,,,,,,,,,,,,,,,,,
"(SA) Y. Koizumi, D. Sakanashi, T. Ohno, A. Nakamura, A. Yamada, Y. Shibata, A. Shiota, H. Kato, M. Hagihara, N. Asai, M. Watarai, K. Murotani, Y. Yamagishi, H. Suematsu and H. Mikamo",2020,Plasma procalcitonin levels remain low at the onset of gram-positive bacteremia regardless of severity or the presence of shock: A retrospective analysis of patients with detailed clinical characteristics,CRP,,0.71,0.7,45,0.311111111,0,14,31,septic shock,,,,,,,,,,,,,,,,,,,,18.27 mg/dL,,,,,,,,,,,,,,,,,,,,,,,,,,,,,,,,
"(Sepidermitis) Y. Koizumi, D. Sakanashi, T. Ohno, A. Nakamura, A. Yamada, Y. Shibata, A. Shiota, H. Kato, M. Hagihara, N. Asai, M. Watarai, K. Murotani, Y. Yamagishi, H. Suematsu and H. Mikamo",2020,Plasma procalcitonin levels remain low at the onset of gram-positive bacteremia regardless of severity or the presence of shock: A retrospective analysis of patients with detailed clinical characteristics,PCT,,0.81,0.31,56,0.303571429,0,17,39,septic shock,,,,,,,,,,,,,,,,,,,,0.82 ng/mL,,,,,,,,,,,,,,,,,,,,,,,,,,,,,,,,
"(Sepidermitis) Y. Koizumi, D. Sakanashi, T. Ohno, A. Nakamura, A. Yamada, Y. Shibata, A. Shiota, H. Kato, M. Hagihara, N. Asai, M. Watarai, K. Murotani, Y. Yamagishi, H. Suematsu and H. Mikamo",2020,Plasma procalcitonin levels remain low at the onset of gram-positive bacteremia regardless of severity or the presence of shock: A retrospective analysis of patients with detailed clinical characteristics,CRP,,0.69,0.6,56,0.303571429,0,17,39,septic shock,,,,,,,,,,,,,,,,,,,,6.34 mg/dL,,,,,,,,,,,,,,,,,,,,,,,,,,,,,,,,
"A. Aliu-Bejta, A. Atelj, M. Kurshumliu, S. Dreshaj and B. Bar?i?",2020,Presepsin values as markers of severity of sepsis,presepsin,,0.727,0.617,100,0.34,0,34,66,septic shock,,,,,,,,,,,,,,,,,,,,110 ng/mL,,,,,,,,,,,,,,,,,,,,,,,,,,,,,,,,
R. Tanvi and B. Dhanashree,2020,Procalcitonin and c-reactive protein: A predictor of bacteremia in sepsis,PCT,,1,0.123,152,0.144736842,0,22,130,Sepsis 3.0 + bacteremia,,,,,,,,,,,,,,,,,,,,0.425 ng/mL,,,,,,,,,,,,,,,,,,,,,,,,,,,,,,,,
R. Tanvi and B. Dhanashree,2020,Procalcitonin and c-reactive protein: A predictor of bacteremia in sepsis,CRP,,0.955,0.213,149,0.147651007,0,22,127,Sepsis 3.0 + bacteremia,,,,,,,,,,,,,,,,,,,,,,,,,,,,,,,,,,,,,,,,,,,,,,,,,,,,
"B. Yao, W. J. Liu, D. Liu, J. Y. Xing and L. J. Zhang",2020,Usefulness of sialic acid for diagnosis of sepsis in critically ill patients: a retrospective study,PCT,,0.679,0.84,497,0.331991952,0,165,332,Sepsis 3.0,,,,,,,,,,,,,,,,,,,,0.435,,,,,,,,,,,,,,,,,,,,,,,,,,,,,,,,
"(day 1) S. Wang, W. Q. Ruan, Z. Yu, X. Zhao, Z. X. Chen and Q. Li",2020,Validity of presepsin for the diagnosis and prognosis of sepsis in elderly patients admitted to the Intensive Care Unit,presepsin,,0.8205,0.8974,142,0.309859155,0,44,98,Sepsis 3.0,,,,,,,,,,,,,,,,,,,,434.79 pg/mL,,,,,,,,,,,,,,,,,,,,,,,,,,,,,,,,
"(day 3) S. Wang, W. Q. Ruan, Z. Yu, X. Zhao, Z. X. Chen and Q. Li",2020,Validity of presepsin for the diagnosis and prognosis of sepsis in elderly patients admitted to the Intensive Care Unit,presepsin,,0.8333,0.6667,95,0.431578947,0,41,54,Sepsis 3.0,,,,,,,,,,,,,,,,,,,,155.53 pg/mL,,,,,,,,,,,,,,,,,,,,,,,,,,,,,,,,
"(day 1) S. Wang, W. Q. Ruan, Z. Yu, X. Zhao, Z. X. Chen and Q. Li",2020,Validity of presepsin for the diagnosis and prognosis of sepsis in elderly patients admitted to the Intensive Care Unit,PCT,,0.8837,0.8367,142,0.309859155,0,44,98,Sepsis 3.0,,,,,,,,,,,,,,,,,,,,1.41 ng/mL,,,,,,,,,,,,,,,,,,,,,,,,,,,,,,,,
"(day 3) S. Wang, W. Q. Ruan, Z. Yu, X. Zhao, Z. X. Chen and Q. Li",2020,Validity of presepsin for the diagnosis and prognosis of sepsis in elderly patients admitted to the Intensive Care Unit,PCT,,0.8889,0.6216,95,0.431578947,0,41,54,Sepsis 3.0,,,,,,,,,,,,,,,,,,,,0.63 ng/mL,,,,,,,,,,,,,,,,,,,,,,,,,,,,,,,,
"(day 7) S. Wang, W. Q. Ruan, Z. Yu, X. Zhao, Z. X. Chen and Q. Li",2020,Validity of presepsin for the diagnosis and prognosis of sepsis in elderly patients admitted to the Intensive Care Unit,PCT,,0.7778,0.7027,91,0.417582418,0,38,53,Sepsis 3.0,,,,,,,,,,,,,,,,,,,,0.34 ng/Ml,,,,,,,,,,,,,,,,,,,,,,,,,,,,,,,,
"(day 1) S. Wang, W. Q. Ruan, Z. Yu, X. Zhao, Z. X. Chen and Q. Li",2020,Validity of presepsin for the diagnosis and prognosis of sepsis in elderly patients admitted to the Intensive Care Unit,IL-6,,0.775,0.6047,142,0.309859155,0,44,98,Sepsis 3.0,,,,,,,,,,,,,,,,,,,,65.35pg/mL,,,,,,,,,,,,,,,,,,,,,,,,,,,,,,,,
"(day 1) S. Wang, W. Q. Ruan, Z. Yu, X. Zhao, Z. X. Chen and Q. Li",2020,Validity of presepsin for the diagnosis and prognosis of sepsis in elderly patients admitted to the Intensive Care Unit,CRP,,0.7,0.7333,142,0.309859155,0,44,98,Sepsis 3.0,,,,,,,,,,,,,,,,,,,,56.00 pg/mL,,,,,,,,,,,,,,,,,,,,,,,,,,,,,,,,
"X. Hou, C. Liu, H. Lian, Z. Xu, L. Ma, X. Zang, J. Sun, K. Jia and L. Cui",2020,"The value of neutrophil gelatinase-associated lipocalin and citrullinated alpha enolase peptide-1 antibody in diagnosis, classification, and prognosis for patients with sepsis",CRP,,0.884,1,109,0.633027523,1,69,40,Sepsis 3.0,,,,,,,,,,,,,,,,,,,,8.02mg/L,,,,,,,,,,,,,,,,,,,,,,,,,,,,,,,,
"X. Hou, C. Liu, H. Lian, Z. Xu, L. Ma, X. Zang, J. Sun, K. Jia and L. Cui",2020,"The value of neutrophil gelatinase-associated lipocalin and citrullinated alpha enolase peptide-1 antibody in diagnosis, classification, and prognosis for patients with sepsis",PCT,,0.942,0.75,109,0.633027523,1,69,40,Sepsis 3.0,,,,,,,,,,,,,,,,,,,,0.06 ng/mL,,,,,,,,,,,,,,,,,,,,,,,,,,,,,,,,
"X. Hou, C. Liu, H. Lian, Z. Xu, L. Ma, X. Zang, J. Sun, K. Jia and L. Cui",2020,"The value of neutrophil gelatinase-associated lipocalin and citrullinated alpha enolase peptide-1 antibody in diagnosis, classification, and prognosis for patients with sepsis",IL-6,,0.783,0.95,109,0.633027523,1,69,40,Sepsis 3.0,,,,,,,,,,,,,,,,,,,,"30.63 pg/
mL",,,,,,,,,,,,,,,,,,,,,,,,,,,,,,,,
J. Lee and J. U. Song,2020,Performance of a quick sofa-65 score as a rapid sepsis screening tool during initial emergency department assessment: A propensity score matching study,qSOFA,,0.29,0.98,2441,0.382220401,0,933,1508,Sepsis 3.0,,,,,,,,,,,,,,,,,,,,?2,,,,,,,,,,,,,,,,,,,,,,,,,,,,,,,,
J. Lee and J. U. Song,2020,Performance of a quick sofa-65 score as a rapid sepsis screening tool during initial emergency department assessment: A propensity score matching study,SIRS,,0.66,0.56,2441,0.382220401,0,933,1508,Sepsis 3.0,,,,,,,,,,,,,,,,,,,,?2,,,,,,,,,,,,,,,,,,,,,,,,,,,,,,,,
"Karampelaa I, 2019",2019,Circulating eNampt and resistin as a proinflammatory duet predicting independently mortality in critically ill patients with sepsis A prospective observational study,PCT,,0.6,0.828,102,0.411764706,0,42,60,SSh vs sepsis,,0,1,0,1,1,0,0,NA,,0,0,,,,,,4.3,,4.3 ug/L,,0,0,1,0,,,,,,,,,,,0,yes,0,yes,0,yes,0,no,1,no,1,no,1,no,1,no,1
"Karampelaa I, 2019",2019,Circulating eNampt and resistin as a proinflammatory duet predicting independently mortality in critically ill patients with sepsis A prospective observational study,CRP,,0.8,0.69,102,0.411764706,0,42,60,SSh vs sepsis,,0,1,0,1,1,0,0,NA,,0,0,,,,,,NA,,1257 nmol/L,,0,0,1,0,,,,,,,,,,,0,yes,0,yes,0,yes,0,no,1,no,1,no,1,no,1,no,1
"Karampelaa I, 2019",2019,Circulating eNampt and resistin as a proinflammatory duet predicting independently mortality in critically ill patients with sepsis A prospective observational study,IL-6,,0.7,0.621,102,0.411764706,0,42,60,SSh vs sepsis,,0,1,0,1,1,0,0,NA,,0,0,,,,,,24.5,,24.5 ng/L,,0,0,1,0,,,,,,,,,,,0,yes,0,yes,0,yes,0,no,1,no,1,no,1,no,1,no,1
"Nakamura Y, 2019 (non-AKI)",2019,Comparison of accuracy of presepsin and procalcitonin concentrations in diagnosing sepsis in patients with and without acute kidney injury,presepsin,,0.809,0.832,340,0.138235294,0,47,293,sepsis without SKI vs non-sepsis,,0,1,0,1,0,0,0,NA,,0,0,,,,,,240,,240 pg/mL,,0,1,0,0,,,,,,,,,,,0,no,1,yes,0,yes,0,no,1,no,1,no,1,no,1,no,1
"Nakamura Y, 2019 (non-AKI)",2019,Comparison of accuracy of presepsin and procalcitonin concentrations in diagnosing sepsis in patients with and without acute kidney injury,PCT,,0.851,0.791,340,0.138235294,0,47,293,sepsis with AKI vs non sepsis,,0,1,0,1,0,0,0,NA,,0,0,,,,,,0.1,,0.1 ng/mL,,0,1,0,0,,,,,,,,,,,0,no,1,yes,0,yes,0,no,1,no,1,no,1,no,1,no,1
"Nakamura Y, 2019 (stage1)",2019,Comparison of accuracy of presepsin and procalcitonin concentrations in diagnosing sepsis in patients with and without acute kidney injury,presepsin,,0.833,0.691,226,0.212389381,0,48,178,sepsis with AKI vs non sepsis,,0,1,0,1,0,0,0,NA,,0,0,,,,,,322,,322 pg/mL,,0,1,0,0,,,,,,,,,,,0,no,1,yes,0,yes,0,no,1,no,1,no,1,no,1,no,1
"Nakamura Y, 2019 (stage1)",2019,Comparison of accuracy of presepsin and procalcitonin concentrations in diagnosing sepsis in patients with and without acute kidney injury,PCT,,0.833,0.916,226,0.212389381,0,48,178,sepsis with AKI vs non sepsis,,0,1,0,1,0,0,0,NA,,0,0,,,,,,0.74,,0.74 ng/mL,,0,1,0,0,,,,,,,,,,,0,no,1,yes,0,yes,0,no,1,no,1,no,1,no,1,no,1
"Nakamura Y, 2019 (stage2)",2019,Comparison of accuracy of presepsin and procalcitonin concentrations in diagnosing sepsis in patients with and without acute kidney injury,presepsin,,0.833,0.556,39,0.307692308,0,12,27,sepsis with AKI vs non sepsis,,0,1,0,1,0,0,0,NA,,0,0,,,,,,253,,253 pg/mL,,0,1,0,0,,,,,,,,,,,0,no,1,yes,0,yes,0,no,1,no,1,no,1,no,1,no,1
"Nakamura Y, 2019 (stage2)",2019,Comparison of accuracy of presepsin and procalcitonin concentrations in diagnosing sepsis in patients with and without acute kidney injury,PCT,,0.75,0.889,39,0.307692308,0,12,27,sepsis with AKI vs non sepsis,,0,1,0,1,0,0,0,NA,,0,0,,,,,,0.59,,0.59 ng/mL,,0,1,0,0,,,,,,,,,,,0,no,1,yes,0,yes,0,no,1,no,1,no,1,no,1,no,1
"Nakamura Y, 2019 (stage3)",2019,Comparison of accuracy of presepsin and procalcitonin concentrations in diagnosing sepsis in patients with and without acute kidney injury,presepsin,,0.897,0.597,101,0.386138614,0,39,62,sepsis with AKI vs non sepsis,,0,1,0,1,0,0,0,NA,,0,0,,,,,,500,,500 pg/mL,,0,1,0,0,,,,,,,,,,,0,no,1,yes,0,yes,0,no,1,no,1,no,1,no,1,no,1
"Nakamura Y, 2019 (stage3)",2019,Comparison of accuracy of presepsin and procalcitonin concentrations in diagnosing sepsis in patients with and without acute kidney injury,PCT,,0.872,0.935,101,0.386138614,0,39,62,sepsis with AKI vs non sepsis,,0,1,0,1,0,0,0,NA,,0,0,,,,,,4.07,,4.07 ng/mL,,0,1,0,0,,,,,,,,,,,0,no,1,yes,0,yes,0,no,1,no,1,no,1,no,1,no,1
"Yamamoto T, 2019",2019,Diagnostic accuracy of presepsin for sepsis by the new Sepsis-3 definitions,presepsin,,0.86,0.93,91,0.681318681,1,62,29,,,0,1,0,1,0,0,0,NA,,0,0,,,,,,508,,,,0,1,0,0,,,,,,,,,,,0,no,1,yes,0,yes,0,no,1,no,1,no,1,no,1,no,1
"Yamamoto T, 2019",2019,Diagnostic accuracy of presepsin for sepsis by the new Sepsis-3 definitions,PCT,,0.86,0.91,91,0.681318681,1,62,29,,,0,1,0,1,0,0,0,NA,,0,0,,,,,,1.5,,,,0,1,0,0,,,,,,,,,,,0,no,1,yes,0,yes,0,no,1,no,1,no,1,no,1,no,1
"Yamamoto T, 2019",2019,Diagnostic accuracy of presepsin for sepsis by the new Sepsis-3 definitions,CRP,,0.9,0.89,91,0.681318681,1,62,29,,,0,1,0,1,0,0,0,NA,,0,0,,,,,,17.6,,,,0,1,0,0,,,,,,,,,,,0,no,1,yes,0,yes,0,no,1,no,1,no,1,no,1,no,1
"Zhang Y, 2019",2019,Diagnostic and predictive performance of biomarkers in patients with sepsis in an intensive care unit,PCT,,0.6885,0.7174,180,0.466666667,0,84,96,SSh vs non-SSh,,0,1,0,1,1,0,0,NA,,0,0,,,,,,4.22,,4.22 ng/mL,,0,1,0,0,,,,,,,,,,,0,no,1,yes,0,yes,0,no,1,no,1,no,1,no,1,no,1
"Zhang Y, 2019",2019,Diagnostic and predictive performance of biomarkers in patients with sepsis in an intensive care unit,IL-6,,0.8,0.7097,180,0.466666667,0,84,96,SSh vs non-SSh,,0,1,0,1,1,0,0,NA,,0,0,,,,,,NA,,89418.75 pg/mL,,0,1,0,0,,,,,,,,,,,0,no,1,yes,0,yes,0,no,1,no,1,no,1,no,1,no,1
"Son J, 2019",2019,"Diagnostic and prognostic value of interleukin-6, pentraxin 3, and procalcitonin levels among sepsis and septic shock patients: a prospective controlled study according to the Sepsis-3 definitions",IL-6,,0.804,0.889,142,0.683098592,1,97,45,,,0,0,0,0,1,0,0,NA,,0,0,,,,,,52.6,,,,0,1,0,0,,,,,,,,,,,0,yes,0,yes,0,yes,0,no,1,unclear,0,no,1,no,1,no,1
"Sen P, 2019",2019,Diagnostic and prognostic value of new bioscore in critically ill septic patients,CRP,,0.647,0.508,226,0.663716814,1,150,76,,,0,1,0,1,0,0,0,NA,,0,0,,,,,1,150.3,,,,0,0,1,0,,,,,,,,,,,0,no,1,yes,0,yes,0,no,1,no,1,no,1,no,1,no,1
"Sen P, 2019",2019,Diagnostic and prognostic value of new bioscore in critically ill septic patients,PCT,,0.527,0.754,226,0.663716814,1,150,76,,,0,1,0,1,1,0,0,NA,,0,0,,,,,,3.6,,,,0,0,1,0,,,,,,,,,,,0,no,1,yes,0,yes,0,no,1,no,1,no,1,no,1,no,1
"Jedynak M, 2019",2019,"Diagnostic effectiveness of soluble triggering receptor expressed on myeloid cells-1 in sepsis, severe sepsis and septic shock.",PCT,,0.88,0.46,54,0.592592593,1,32,22,SS vs NI-SIRS,,0,1,0,1,1,0,0,NA,,0,0,,,,,,0.88,,0.88 ng/mL,,0,0,1,0,,,,,,,,,,,0,yes,0,yes,0,yes,0,no,1,no,1,no,1,no,1,no,1
"Jedynak M, 2019",2019,"Diagnostic effectiveness of soluble triggering receptor expressed on myeloid cells-1 in sepsis, severe sepsis and septic shock.",CRP,,0.88,0.86,54,0.592592593,1,32,22,SS vs NI-SIRS,,0,1,0,1,1,0,0,NA,,0,0,,,,,,103,,103 mg/L,,0,0,1,0,,,,,,,,,,,0,yes,0,yes,0,yes,0,no,1,no,1,no,1,no,1,no,1
"Jedynak M, 2019",2019,"Diagnostic effectiveness of soluble triggering receptor expressed on myeloid cells-1 in sepsis, severe sepsis and septic shock.",IL-6,,0.91,0.82,54,0.592592593,1,32,22,SS vs NI-SIRS,,0,1,0,1,1,0,0,NA,,0,0,,,,,,81.4133,,81.4133 pg/mL,,0,0,1,0,,,,,,,,,,,0,yes,0,yes,0,yes,0,no,1,no,1,no,1,no,1,no,1
"Jedynak M, 2019",2019,"Diagnostic effectiveness of soluble triggering receptor expressed on myeloid cells-1 in sepsis, severe sepsis and septic shock.",sTREM-1,,0.63,0.82,54,0.592592593,1,32,22,SS vs NI-SIRS,,0,1,0,1,1,0,0,NA,,0,0,,,,,,495,,495 pg/mL,,0,0,1,0,,,,,,,,,,,0,yes,0,yes,0,yes,0,no,1,no,1,no,1,no,1,no,1
"Gupta, 2019",2019,Procalcitonin as a diagnostic biomarker of sepsis A tertiary care centre experience,PCT,,0.985,0.8913,305,0.849180328,1,259,46,culture (+) sepsis vs non-sepsis,,0,0,0,0,1,0,0,NA,,1,0,,,,,,2.2,,2.2 ng/mL,,0,1,0,0,,,,,,,,,,,0,no,1,yes,0,yes,0,no,1,yes,0,no,1,no,1,no,1
"Jereb M, 2019",2019,Usefulness of presepsin as diagnostic and prognostic marker of sepsis in daily clinical practice,presepsin,,0.944,0.846,80,0.675,1,54,26,,,0,0,0,0,0,0,1,NA,,0,0,,,,,,379.5,,,,0,0,1,0,,,,,,,,,,,0,no,1,no,1,yes,0,no,1,no,1,no,1,no,1,no,1
"Kim SJ, 2019",2019,Procalcitonin as a diagnostic marker for sepsis/septic shock in the emergency department; a study based on Sepsis-3 definition,PCT,,0.748,0.638,866,0.668591224,1,579,287,,,1,0,1,0,1,0,0,NA,,0,0,,,,,,0.41,,,,0,1,0,0,,,,,,,,,,,0,no,1,yes,0,yes,0,no,1,no,1,no,1,no,1,no,1
"C. Thiriet, K. Mahjoub, G. Courte, P. Labroca, A. Cravoisy, J. Lemarie, M. Conrad, L. Nace, P. E. Bollaert and S. Gibot",2019,Automated measurement of neutrophil CD64 expression for diagnosing sepsis in critically ill patients,CRP,,0.677,0.771,72,0.555555556,1,40,32,Sepsis 3.0,,,,,,,,,,,,,,,,,,,,30 mg/L,,,,,,,,,,,,,,,,,,,,,,,,,,,,,,,,
"C. Thiriet, K. Mahjoub, G. Courte, P. Labroca, A. Cravoisy, J. Lemarie, M. Conrad, L. Nace, P. E. Bollaert and S. Gibot",2019,Automated measurement of neutrophil CD64 expression for diagnosing sepsis in critically ill patients,PCT,,0.7,0.567,72,0.555555556,1,40,32,Sepsis 3.0,,,,,,,,,,,,,,,,,,,,1.35 ng/mL,,,,,,,,,,,,,,,,,,,,,,,,,,,,,,,,
"C. Thiriet, K. Mahjoub, G. Courte, P. Labroca, A. Cravoisy, J. Lemarie, M. Conrad, L. Nace, P. E. Bollaert and S. Gibot",2019,Automated measurement of neutrophil CD64 expression for diagnosing sepsis in critically ill patients,CD64,,0.781,0.7,72,0.555555556,1,40,32,Sepsis 3.0,,,,,,,,,,,,,,,,,,,,0.48,,,,,,,,,,,,,,,,,,,,,,,,,,,,,,,,
"G. F. Juro?, M. Tomi?i?, S. D. ?ari?, M. Peri? and D. Rogi?",2019,"Contribution of presepsin, procalcitonin and C-reactive protein to the SOFA score in early sepsis diagnosis in emergency abdominal surgical patients",presepsin,,0.972,0.333,72,0.5,1,36,36,Sepsis 3.0,,,,,,,,,,,,,,,,,,,, 349ng/L ,,,,,,,,,,,,,,,,,,,,,,,,,,,,,,,,
"G. F. Juro?, M. Tomi?i?, S. D. ?ari?, M. Peri? and D. Rogi?",2019,"Contribution of presepsin, procalcitonin and C-reactive protein to the SOFA score in early sepsis diagnosis in emergency abdominal surgical patients",PCT,,0.972,0.167,72,0.5,1,36,36,Sepsis 3.0,,,,,,,,,,,,,,,,,,,,0.17μg/L,,,,,,,,,,,,,,,,,,,,,,,,,,,,,,,,
"G. F. Juro?, M. Tomi?i?, S. D. ?ari?, M. Peri? and D. Rogi?",2019,"Contribution of presepsin, procalcitonin and C-reactive protein to the SOFA score in early sepsis diagnosis in emergency abdominal surgical patients",CRP,,0.972,0.139,72,0.5,1,36,36,Sepsis 3.0,,,,,,,,,,,,,,,,,,,,18.1,,,,,,,,,,,,,,,,,,,,,,,,,,,,,,,,
"D. W. Jekarl, J. Y. Kim, J. H. Ha, S. Lee, J. Yoo, M. Kim and Y. Kim",2019,"Diagnosis and Prognosis of Sepsis Based on Use of Cytokines, Chemokines, and Growth Factors",IL-6,,0.675,0.955,160,0.5,1,80,80,Sepsis 3.0,,,,,,,,,,,,,,,,,,,,40.8,,,,,,,,,,,,,,,,,,,,,,,,,,,,,,,,
"Z. Ye, H. Zou, S. Liu, C. Mei, X. Chang, Z. Hu, H. Yang and Y. Wu",2019,Diagnostic performance of neutrophil CD64 index in patients with sepsis in the intensive care unit,CD64,,0.83,0.88,62,0.564516129,1,35,27,Sepsis 3.0,,,,,,,,,,,,,,,,,,,,4.56,,,,,,,,,,,,,,,,,,,,,,,,,,,,,,,,
"Z. Ye, H. Zou, S. Liu, C. Mei, X. Chang, Z. Hu, H. Yang and Y. Wu",2019,Diagnostic performance of neutrophil CD64 index in patients with sepsis in the intensive care unit,CRP,,0.74,0.86,62,0.564516129,1,35,27,Sepsis 3.0,,,,,,,,,,,,,,,,,,,, 98mg/mL,,,,,,,,,,,,,,,,,,,,,,,,,,,,,,,,
"Z. Ye, H. Zou, S. Liu, C. Mei, X. Chang, Z. Hu, H. Yang and Y. Wu",2019,Diagnostic performance of neutrophil CD64 index in patients with sepsis in the intensive care unit,PCT,,0.77,0.81,62,0.564516129,1,35,27,Sepsis 3.0,,,,,,,,,,,,,,,,,,,, 2.81ng/mL,,,,,,,,,,,,,,,,,,,,,,,,,,,,,,,,
"F. Guo, Y. C. Feng, G. Zhao, H. L. Wu, L. Xu, J. Zhao, J. Lv, S. T. Han, Y. C. Huang and X. M. Ma",2019,"The Leukocyte VCS Parameters Compared with Procalcitonin, Interleukin-6, and Soluble Hemoglobin Scavenger Receptor sCD163 for Prediction of Sepsis in Patients with Cirrhosis",PCT,,0.778,0.93,154,0.350649351,0,54,100,Sepsis 3.0,,,,,,,,,,,,,,,,,,,,0.51 ng/mL,,,,,,,,,,,,,,,,,,,,,,,,,,,,,,,,
"F. Guo, Y. C. Feng, G. Zhao, H. L. Wu, L. Xu, J. Zhao, J. Lv, S. T. Han, Y. C. Huang and X. M. Ma",2019,"The Leukocyte VCS Parameters Compared with Procalcitonin, Interleukin-6, and Soluble Hemoglobin Scavenger Receptor sCD163 for Prediction of Sepsis in Patients with Cirrhosis",IL-6,,0.815,0.93,154,0.350649351,0,54,100,Sepsis 3.0,,,,,,,,,,,,,,,,,,,,465 pg/mL,,,,,,,,,,,,,,,,,,,,,,,,,,,,,,,,
"J. Jiang, H. Du, Y. Su, X. Li, J. Zhang, M. Chen, G. Ren, F. He and B. Niu",2019,Nonviral infection-related lymphocytopenia for the prediction of adult sepsis and its persistence indicates a higher mortality,PCT,,0.8831,0.8439,100,0.77,1,77,23,Sepsis 3.0,,,,,,,,,,,,,,,,,,,,0.71 ng/mL,,,,,,,,,,,,,,,,,,,,,,,,,,,,,,,,
"J. Contenti, C. Occelli, F. Lemoel, P. Ferrari and J. Levraut",2019,Presepsin versus other biomarkers to predict sepsis and septic shock in patients with infection defined by Sepsis-3 criteria: the PREDI study of diagnostic accuracy,presepsin,,0.62,0.72,359,0.690807799,1,248,111,Sepsis 3.0,,,,,,,,,,,,,,,,,,,,500 pg/mL,,,,,,,,,,,,,,,,,,,,,,,,,,,,,,,,
"J. Contenti, C. Occelli, F. Lemoel, P. Ferrari and J. Levraut",2019,Presepsin versus other biomarkers to predict sepsis and septic shock in patients with infection defined by Sepsis-3 criteria: the PREDI study of diagnostic accuracy,PCT,,0.7,0.59,359,0.690807799,1,248,111,Sepsis 3.0,,,,,,,,,,,,,,,,,,,,0.25 ng/mL,,,,,,,,,,,,,,,,,,,,,,,,,,,,,,,,
"D. W. Jekarl, S. Lee, M. Kim, Y. Kim, S. H. Woo and W. J. Lee",2019,Procalcitonin as a prognostic marker for sepsis based on SEPSIS-3,PCT,,0.845,0.466,248,0.745967742,1,185,63,Sepsis 3.0,,,,,,,,,,,,,,,,,,,,0.18 ng/mL,,,,,,,,,,,,,,,,,,,,,,,,,,,,,,,,
"D. W. Jekarl, S. Lee, M. Kim, Y. Kim, S. H. Woo and W. J. Lee",2019,Procalcitonin as a prognostic marker for sepsis based on SEPSIS-3,CRP,,0.665,0.508,248,0.745967742,1,185,63,Sepsis 3.0,,,,,,,,,,,,,,,,,,,,51.16 ng/mL,,,,,,,,,,,,,,,,,,,,,,,,,,,,,,,,
"(Euthyroid) A. S. Shirali, J. X. Wu, C. Y. Zhu, A. Ocampo, C. H. Tseng, L. Du, M. J. Livhits, A. M. Leung and M. W. Yeh",2019,The Role of Serum Procalcitonin in Predicting Bacterial Sepsis in Patients With Hypothyroidism,PCT,,0.59,0.81,217,0.451612903,0,98,119,Sepsis 3.0,,,,,,,,,,,,,,,,,,,,not mentioned,,,,,,,,,,,,,,,,,,,,,,,,,,,,,,,,
"(MH) A. S. Shirali, J. X. Wu, C. Y. Zhu, A. Ocampo, C. H. Tseng, L. Du, M. J. Livhits, A. M. Leung and M. W. Yeh",2019,The Role of Serum Procalcitonin in Predicting Bacterial Sepsis in Patients With Hypothyroidism,PCT,,0.61,0.77,197,0.467005076,0,92,105,Sepsis 3.0,,,,,,,,,,,,,,,,,,,,not mentioned,,,,,,,,,,,,,,,,,,,,,,,,,,,,,,,,
"(TT) A. S. Shirali, J. X. Wu, C. Y. Zhu, A. Ocampo, C. H. Tseng, L. Du, M. J. Livhits, A. M. Leung and M. W. Yeh",2019,The Role of Serum Procalcitonin in Predicting Bacterial Sepsis in Patients With Hypothyroidism,PCT,,0.53,0.81,84,0.428571429,0,36,48,Sepsis 3.0,,,,,,,,,,,,,,,,,,,,not mentioned,,,,,,,,,,,,,,,,,,,,,,,,,,,,,,,,
"Y. Zhou, Z. Liu, J. Huang, G. Li, F. Li, Y. Cheng, X. Xie and J. Zhang",2019,Usefulness of the heparin-binding protein level to diagnose sepsis and septic shock according to Sepsis-3 compared with procalcitonin and C reactive protein: a prospective cohort study in China,PCT,,0.709,0.826,125,0.744,1,93,32,Sepsis 3.0,,,,,,,,,,,,,,,,,,,, ?2.05ng/ml       ,,,,,,,,,,,,,,,,,,,,,,,,,,,,,,,,
"Y. Zhou, Z. Liu, J. Huang, G. Li, F. Li, Y. Cheng, X. Xie and J. Zhang",2019,Usefulness of the heparin-binding protein level to diagnose sepsis and septic shock according to Sepsis-3 compared with procalcitonin and C reactive protein: a prospective cohort study in China,CRP,,0.602,0.739,125,0.744,1,93,32,Sepsis 3.0,,,,,,,,,,,,,,,,,,,, ?151.9mg/L,,,,,,,,,,,,,,,,,,,,,,,,,,,,,,,,
"J. Luo, W. Jiang, L. Weng, J. Peng, X. Hu, C. Wang, G. Liu, H. Huang and B. Du",2019,Usefulness of qSOFA and SIRS scores for detection of incipient sepsis in general ward patients: A prospective cohort study,qSOFA,,0.53,0.87,409,0.5599022,1,229,180,Sepsis 3.0,,,,,,,,,,,,,,,,,,,,2,,,,,,,,,,,,,,,,,,,,,,,,,,,,,,,,
"J. Luo, W. Jiang, L. Weng, J. Peng, X. Hu, C. Wang, G. Liu, H. Huang and B. Du",2019,Usefulness of qSOFA and SIRS scores for detection of incipient sepsis in general ward patients: A prospective cohort study,SIRS,,0.98,0.18,409,0.5599022,1,229,180,Sepsis 3.0,,,,,,,,,,,,,,,,,,,,2,,,,,,,,,,,,,,,,,,,,,,,,,,,,,,,,
"Gao L, 2018",2018,"DcR3, a new biomarker for sepsis, correlates with infection severity and procalcitonin.",CRP,plasma,0.6692,0.5082,50,0.46,0,23,27,sepsis vs. SSh,Sepsis 3.0,0,0,0,0,0,0,1,0,,0,0,,,,1,0,139.4,mg/L,139.4 mg/L,,0,1,0,0,,,,,,,,,,,0,no,1,yes,0,yes,0,no,1,no,1,no,1,no,1,no,1
"Gao L, 2018",2018,"DcR3, a new biomarker for sepsis, correlates with infection severity and procalcitonin.",LBP,plasma,0.5923,0.541,70,0.714285714,1,50,20,non-infected vs. sepsis/SSh,Sepsis 3.0,0,0,0,0,0,0,1,0,,0,0,,,,0,1,450,pg/mL,0.45 ng/mL,,0,1,0,0,,,,,,,,,,,0,no,1,yes,0,yes,0,no,1,no,1,no,1,no,1,no,1
"Gao L, 2018",2018,"DcR3, a new biomarker for sepsis, correlates with infection severity and procalcitonin.",PCT,plasma,0.7154,0.7213,70,0.714285714,1,50,20,non-infected vs. sepsis/SSh,Sepsis 3.0,0,0,0,0,0,0,1,0,,0,0,,,,0,1,0.0742,ng/mL,74.2 mg/L,,0,1,0,0,As,China,Not provided,,,,,,,,0,no,1,yes,0,yes,0,no,1,no,1,no,1,no,1,no,1
"Yunus I, 2018",2018,"The use of procalcitonin in the determination of severity of sepsis, patient outcomes and infection characteristics",PCT,,0.63,0.65,364,0.184065934,0,67,297,SSh vs non-SSh,,0,0,0,0,0,0,0,NA,,0,0,,,,,,3.05,,3.05 ng/mL,,0,0,0,1,,,,,,,,,,,0,no,1,yes,0,yes,0,no,1,yes,0,no,1,no,1,no,1
"[Garc?a de Guadiana Romualdo, 2018 #1703]",2018,Diagnostic accuracy of lipopolysaccharide-binding protein for sepsis in patients with suspected infection in the emergency department,PCT,,0.796,0.774,102,0.480392157,0,49,53,sepsis vs non-sepsis,,1,0,1,0,1,0,0,NA,,0,0,,,,,,1.3,,1.3 ng/mL,,0,0,1,0,,,,,,,,,,,1,no,1,yes,0,yes,0,no,1,no,1,no,1,no,1,no,1
"[Garc?a de Guadiana Romualdo, 2018 #1703]",2018,Diagnostic accuracy of lipopolysaccharide-binding protein for sepsis in patients with suspected infection in the emergency department,CRP,,0.571,0.811,102,0.480392157,0,49,53,sepsis vs non-sepsis,,1,0,1,0,1,0,0,NA,,0,0,,,,,,220,,220 mg/L,,0,0,1,0,,,,,,,,,,,1,no,1,yes,0,yes,0,no,1,no,1,no,1,no,1,no,1
"[Garc?a de Guadiana Romualdo, 2018 #1703]",2018,Diagnostic accuracy of lipopolysaccharide-binding protein for sepsis in patients with suspected infection in the emergency department,LBP,,0.674,0.66,102,0.480392157,0,49,53,sepsis vs non-sepsis,,1,0,1,0,1,0,0,NA,,0,0,,,,,,33.9,,33.9,,0,0,1,0,,,,,,,,,,,1,no,1,yes,0,yes,0,no,1,no,1,no,1,no,1,no,1
"J. J?ms?, T. Ala-Kokko, V. Huotari, P. Ohtonen, E. R. Savolainen and H. Syrj?l?",2018,"Neutrophil CD64, C-reactive protein, and procalcitonin in the identification of sepsis in the ICU - Post-test probabilities",PCT,,0.96,0.79,39,0.641025641,1,25,14,Sepsis 3.0,,,,,,,,,,,,,,,,,,,,0.42?g/l,,,,,,,,,,,,,,,,,,,,,,,,,,,,,,,,
"J. J?ms?, T. Ala-Kokko, V. Huotari, P. Ohtonen, E. R. Savolainen and H. Syrj?l?",2018,"Neutrophil CD64, C-reactive protein, and procalcitonin in the identification of sepsis in the ICU - Post-test probabilities",CRP,,0.56,0.93,42,0.642857143,1,27,15,Sepsis 3.0,,,,,,,,,,,,,,,,,,,,218g/l,,,,,,,,,,,,,,,,,,,,,,,,,,,,,,,,
"J. J?ms?, T. Ala-Kokko, V. Huotari, P. Ohtonen, E. R. Savolainen and H. Syrj?l?",2018,"Neutrophil CD64, C-reactive protein, and procalcitonin in the identification of sepsis in the ICU - Post-test probabilities",CD64,,1,0.93,42,0.642857143,1,27,15,Sepsis 3.0,,,,,,,,,,,,,,,,,,,,9172,,,,,,,,,,,,,,,,,,,,,,,,,,,,,,,,
"S. Spoto, E. Cella, M. De Cesaris, L. Locorriere, S. Mazzaroppi, E. Nobile, A. M. Lanotte, L. Pedicino, M. Fogolari, S. Costantino, G. Dicuonzo, M. Ciccozzi and S. Angeletti",2018,Procalcitonin and MR-Proadrenomedullin Combination with SOFA and qSOFA Scores for Sepsis Diagnosis and Prognosis: A Diagnostic Algorithm,PCT,,0.55,0.98,159,0.685534591,1,109,50,Sepsis 3.0,,,,,,,,,,,,,,,,,,,,0.50 ng/mL,,,,,,,,,,,,,,,,,,,,,,,,,,,,,,,,
"S. Spoto, E. Cella, M. De Cesaris, L. Locorriere, S. Mazzaroppi, E. Nobile, A. M. Lanotte, L. Pedicino, M. Fogolari, S. Costantino, G. Dicuonzo, M. Ciccozzi and S. Angeletti",2018,Procalcitonin and MR-Proadrenomedullin Combination with SOFA and qSOFA Scores for Sepsis Diagnosis and Prognosis: A Diagnostic Algorithm,SOFA,,0.742,0.68,159,0.685534591,1,109,50,Sepsis 3.0,,,,,,,,,,,,,,,,,,,,2,,,,,,,,,,,,,,,,,,,,,,,,,,,,,,,,
"Tavladaki T, 2017 (S3)",2017,"Similar Metabolic, Innate Immunity, and Adipokine Profiles in Adult and Pediatric Sepsis Versus Systemic Inflammatory Response Syndrome-A Pilot Study",CRP,serum,0.75,0.72,46,0.5,1,23,23,non-infectious SIRS/sepsis vs. ss/sh,Sepsis 3.0,0,1,0,1,0,0,0,1,NA,0,0,NA,NA,NA,0,1,12.9,mg/L,12.9 mg/L,within 24 hours after admission,0,0,1,0,Eu,Greece,ICU,68 vs. 41,LumiTest ,NA,NA,NA,1,,0,no,1,unclear,0,yes,0,no,1,no,1,no,1,no,1,no,1
"Karon BS, 2017",2017,"Evaluation of lactate, white blood cell count, neutrophil count, procalcitonin and immature granulocyte count as biomarkers for sepsis in emergency department patients",PCT,plasma,0.727,0.817,71,0.507042254,1,36,35,non-infected vs. SS/SSh,Sepsis 2.0,1,0,1,0,0,0,1,0,,0,0,,,,0,1,1.14,ng/mL,1.14 ng/mL,,0,0,0,1,Am,USA,ED,,,,,,,,0,no,1,yes,0,yes,0,no,1,no,1,no,1,no,1,no,1
"Ljungstrom1 L, 2017",2017,"Diagnostic accuracy of procalcitonin, neutrophil-lymphocyte count ratio, C-reactive protein, and lactate in patients with suspected bacterial sepsis",CRP,plasma,0.564,0.494,1572,0.356234097,0,560,1012,non-infectious SIRS/sepsis vs. SS/SSh,Sepsis 3.0,1,0,1,0,0,0,1,0,,0,0,,,,0,1,200,mg/L,2.0 ng/mL,,0,0,1,0,Eu,Sweden,ED,,,,,,,,0,no,1,no,1,no,1,no,1,no,1,no,1,no,1,no,1
"Ljungstrom1 L, 2017",2017,"Diagnostic accuracy of procalcitonin, neutrophil-lymphocyte count ratio, C-reactive protein, and lactate in patients with suspected bacterial sepsis",PCT,plasma,0.321,0.895,1572,0.356234097,0,560,1012,non-infectious SIRS/sepsis vs. SS/SSh,Sepsis 3.0,1,0,1,0,0,0,1,0,,0,0,,,,0,1,0.1,ng/mL,100 mg/L,,0,0,1,0,Eu,Sweden,ED,,,,,,,,0,no,1,no,1,no,1,no,1,no,1,no,1,no,1,no,1
"J. M. Williams, J. H. Greenslade, J. V. McKenzie, K. Chu, A. F. T. Brown and J. Lipman",2017,"Systemic Inflammatory Response Syndrome, Quick Sequential Organ Function Assessment, and Organ Dysfunction: Insights From a Prospective Database of ED Patients With Infection",SIRS,,0.721,0.61,8871,0.244166385,0,2166,6705,Sepsis 3.0,,,,,,,,,,,,,,,,,,,,2,,,,,,,,,,,,,,,,,,,,,,,,,,,,,,,,
"J. M. Williams, J. H. Greenslade, J. V. McKenzie, K. Chu, A. F. T. Brown and J. Lipman",2017,"Systemic Inflammatory Response Syndrome, Quick Sequential Organ Function Assessment, and Organ Dysfunction: Insights From a Prospective Database of ED Patients With Infection",SOFA,,0.297,0.961,8871,0.244166385,0,2166,6705,Sepsis 3.0,,,,,,,,,,,,,,,,,,,,2,,,,,,,,,,,,,,,,,,,,,,,,,,,,,,,,
"H. K. Park, W. Y. Kim, M. C. Kim, W. Jung and B. S. Ko",2017,Quick sequential organ failure assessment compared to systemic inflammatory response syndrome for predicting sepsis in emergency department,SOFA,,0.35,0.99,1009,0.621407334,1,627,382,organ failure of Sepsis 1.0,,,,,,,,,,,,,,,,,,,,2,,,,,,,,,,,,,,,,,,,,,,,,,,,,,,,,
"M. Kim, S. Ahn, W. Y. Kim, C. H. Sohn, D. W. Seo, Y. S. Lee and K. S. Lim",2017,"Predictive performance of the quick Sequential Organ Failure Assessment score as a screening tool for sepsis, mortality, and intensive care unit admission in patients with febrile neutropenia",SOFA,,0.14,0.98,615,0.162601626,0,100,515,Sepsis 3.0,,,,,,,,,,,,,,,,,,,,missing,,,,,,,,,,,,,,,,,,,,,,,,,,,,,,,,
"E. J. Giamarellos-Bourboulis, T. Tsaganos, I. Tsangaris, M. Lada, C. Routsi, D. Sinapidis, M. Koupetori, M. Bristianou, G. Adamis, K. Mandragos, G. N. Dalekos, I. Kritselis, G. Giannikopoulos, I. Koutelidakis, M. Pavlaki, E. Antoniadou, G. Vlachogiannis, V. Koulouras, A. Prekates, G. Dimopoulos, A. Koutsoukou, I. Pnevmatikos, A. Ioakeimidou, A. Kotanidou, S. E. Orfanos, A. Armaganidis and C. Gogos",2017,Validation of the new Sepsis-3 definitions: proposal for improvement in early risk identification,SOFA,,0.608,0.872,1063,0.911571025,1,969,94,Sepsis 3.0,,,,,,,,,,,,,,,,,,,,2,,,,,,,,,,,,,,,,,,,,,,,,,,,,,,,,
"?. Askim, F. Moser, L. T. Gustad, H. Stene, M. Gundersen, B. O. ?svold, J. Dale, L. P. Bj?rnsen, J. K. Dam?s and E. Sollig?rd",2017,Poor performance of quick-SOFA (qSOFA) score in predicting severe sepsis and mortality - a prospective study of patients admitted with infection to the emergency department,SIRS,,0.74,0.72,1535,0.070358306,0,108,1427,severe sepsis of Sepsis 2.0,,,,,,,,,,,,,,,,,,,,2,,,,,,,,,,,,,,,,,,,,,,,,,,,,,,,,
"?. Askim, F. Moser, L. T. Gustad, H. Stene, M. Gundersen, B. O. ?svold, J. Dale, L. P. Bj?rnsen, J. K. Dam?s and E. Sollig?rd",2017,Poor performance of quick-SOFA (qSOFA) score in predicting severe sepsis and mortality - a prospective study of patients admitted with infection to the emergency department,SOFA,,0.32,0.98,1535,0.070358306,0,108,1427,severe sepsis of Sepsis 2.0,,,,,,,,,,,,,,,,,,,,2,,,,,,,,,,,,,,,,,,,,,,,,,,,,,,,,
"Ali FT, 2016 (S3)",2016,Presepsin is an early monitoring biomarker for predicting clinical outcome in patients with sepsis.,CRP,plasma,0.424,0.833,51,0.647058824,1,33,18,non-infectious SIRS/sepsis vs. SS,Sepsis 3.0,0,1,0,1,0,0,1,0,1,0,0,NA,NA,NA,0,1,97,mg/L,97 mg/L,on admision,1,0,0,0,Af,Egypt,ICU,55.2 vs. 40,,NA,NA,NA,NA,,0,no,1,yes,0,yes,0,no,1,no,1,no,1,no,1,no,1
"Ali FT, 2016 (S3)",2016,Presepsin is an early monitoring biomarker for predicting clinical outcome in patients with sepsis.,PCT,plasma,0.606,0.889,51,0.647058824,1,33,18,non-infectious SIRS/sepsis vs. SS,Sepsis 3.0,0,1,0,1,0,0,1,0,1,0,0,NA,NA,NA,0,1,0.85,ng/mL,0.85 _gg/L,on admision,1,0,0,0,Af,Egypt,ICU,55.2 vs. 40,Ichroma CRP Test,NA,NA,NA,NA,,0,no,1,yes,0,yes,0,no,1,no,1,no,1,no,1,no,1
"Ali FT, 2016 (S3)",2016,Presepsin is an early monitoring biomarker for predicting clinical outcome in patients with sepsis.,presepsin,plasma,0.697,0.833,51,0.647058824,1,33,18,non-infectious SIRS/sepsis vs. SS,Sepsis 3.0,0,1,0,1,0,0,1,0,1,0,0,NA,NA,NA,0,1,907,pg/mL,907 ng/L,on admision,1,0,0,0,Af,Egypt,ICU,55.2 vs. 40,Ichroma PCT Test,NA,NA,NA,NA,,0,no,1,yes,0,yes,0,no,1,no,1,no,1,no,1,no,1
"Klouche K, 2016 (S3)",2016,Diagnostic and prognostic value of soluble CD14 subtype (Presepsin) for sepsis and community-acquired pneumonia in ICU patients.,PCT,serum,0.8,0.59,144,0.694444444,1,100,44,non-SS/SSh vs. SS/Sh,Sepsis 1.0,0,1,0,1,1,0,0,NA,1,0,0,NA,NA,NA,0,1,0.4665,ng/mL,466.5 pg/ml,on admission,0,0,1,0,Eu,France,ICU,,,NA,NA,NA,1,,0,no,1,no,1,yes,0,no,1,no,1,no,1,no,1,no,1
"Klouche K, 2016 (S3)",2016,Diagnostic and prognostic value of soluble CD14 subtype (Presepsin) for sepsis and community-acquired pneumonia in ICU patients.,presepsin,plasma,0.9,0.55,144,0.694444444,1,100,44,non-SS/SSh vs. SS/Sh,Sepsis 1.0,0,1,0,1,0,0,1,NA,1,0,0,NA,NA,NA,0,1,466.5,pg/mL,466.5 pg/ml,on admission,0,0,1,0,Eu,France,ICU,,,NA,NA,NA,1,,0,no,1,no,1,yes,0,no,1,no,1,no,1,no,1,no,1
"Enguix-Armada A, 2016 (S3)",2016,"Usefulness of several biomarkers in the management of septic patients: C-reactive protein, procalcitonin, presepsin and mid-regional pro-adrenomedullin.",CRP,plasma,0.921,0.795,388,0.634020619,1,246,142,non-SS/SSh vs. SS/Sh,Surviving sepsis campaign,0,1,0,1,0,0,1,NA,NA,0,0,NA,NA,NA,0,1,43.8,mg/L,43.8 mg/L,within the first 24 h of ICU admission,0,0,1,0,Eu,Spain,ICU,,,NA,NA,NA,1,,0,yes,0,yes,0,yes,0,no,1,no,1,no,1,no,1,no,1
"Enguix-Armada A, 2016 (S3)",2016,"Usefulness of several biomarkers in the management of septic patients: C-reactive protein, procalcitonin, presepsin and mid-regional pro-adrenomedullin.",PCT,plasma,0.922,0.968,388,0.634020619,1,246,142,non-SS/SSh vs. SS/Sh,Surviving sepsis campaign,0,1,0,1,0,0,1,NA,NA,0,0,NA,NA,NA,0,1,0.28,ng/mL,0.28 _gg/L,within the first 24 h of ICU admission,0,0,1,0,Eu,Spain,ICU,,,NA,NA,NA,1,,0,yes,0,yes,0,yes,0,no,1,no,1,no,1,no,1,no,1
"Enguix-Armada A, 2016 (S3)",2016,"Usefulness of several biomarkers in the management of septic patients: C-reactive protein, procalcitonin, presepsin and mid-regional pro-adrenomedullin.",presepsin,plasma,0.819,0.965,388,0.634020619,1,246,142,non-SS/SSh vs. SS/Sh,Surviving sepsis campaign,0,1,0,1,0,0,1,NA,NA,0,0,NA,NA,NA,0,1,101.6,pg/mL,101.6 pg/ml,within the first 24 h of ICU admission,0,0,1,0,Eu,Spain,ICU,,,NA,NA,NA,1,,0,yes,0,yes,0,yes,0,no,1,no,1,no,1,no,1,no,1
